{
    "timestamp": "2026-04-28T14:19:22.084516",
    "model_type": "1D CNN",
    "test_size": 0.3,
    "batch_size": 32,
    "epochs": 10,
    "final_epoch": 10,
    "metrics": {
        "mean_squared_error": 158.39322306981526,
        "root_mean_squared_error": 12.585436943937038,
        "mean_absolute_error": 8.282545851513403,
        "r2_score": 0.11401853215170443
    },
    "training_history": {
        "final_train_loss": 187.21768188476562,
        "final_val_loss": 158.39321899414062,
        "final_train_r2": -58.41132736206055,
        "final_val_r2": -45.010887145996094
    }
}