{
    "timestamp": "2026-05-05T14:52:51.111546",
    "model_type": "1D CNN",
    "test_size": 0.3,
    "batch_size": 32,
    "epochs": 10,
    "final_epoch": 10,
    "metrics": {
        "mean_squared_error": 258.06979015691536,
        "root_mean_squared_error": 16.064550730005347,
        "mean_absolute_error": 11.456360137528687,
        "r2_score": -0.44352799355402484
    },
    "training_history": {
        "final_train_loss": 216.51907348632812,
        "final_val_loss": 796.3521118164062,
        "final_train_r2": -57.397708892822266,
        "final_val_r2": -169.8098907470703
    }
}